{"cameraMode":{"drawMode":0,"name":"Shaded","section":"Shading Mode"},"sceneLighting":false,"audioPlay":false,"sceneViewState":{"m_AlwaysRefresh":false,"showFog":true,"showSkybox":false,"showFlares":true,"showImageEffects":true,"showParticleSystems":true,"showVisualEffectGraphs":true,"m_FxEnabled":true},"in2DMode":false,"pivot":{"x":0.041775450110435489,"y":-0.008416876196861267,"z":-0.07029847800731659},"rotation":{"x":-0.18423259258270265,"y":-0.7864087820053101,"z":0.2788969874382019,"w":-0.519538164138794},"size":0.4806978106498718,"orthographic":false}