{"cameraMode":{"drawMode":0,"name":"Shaded","section":"Shading Mode"},"sceneLighting":true,"audioPlay":false,"sceneViewState":{"m_AlwaysRefresh":false,"showFog":true,"showSkybox":true,"showFlares":true,"showImageEffects":true,"showParticleSystems":true,"showVisualEffectGraphs":true,"m_FxEnabled":true},"in2DMode":false,"pivot":{"x":-68.55656433105469,"y":-7.6558332443237309,"z":12.405649185180664},"rotation":{"x":-0.08197809010744095,"y":0.5994933843612671,"z":-0.061894260346889499,"w":-0.7937928438186646},"size":32.30768966674805,"orthographic":false}